[{"model": "chat.chat", "pk": 16, "fields": {"pessoa1": "ricardo94", "pessoa2": "zeLopes"}}, {"model": "chat.mensagem", "pk": 39, "fields": {"chat_id": 16, "remetente_id": "ricardo94", "destinatario_id": "zeLopes", "conteudo": "Boa tarde, estou interessado. Pode fazer 100€ ao dia?", "data_hora": "2021-05-20T18:30:05.552Z"}}, {"model": "chat.mensagem", "pk": 40, "fields": {"chat_id": 16, "remetente_id": "zeLopes", "destinatario_id": "ricardo94", "conteudo": "Deves estar é maluco, vai roubar para a estrada!!!! ", "data_hora": "2021-05-20T18:31:22.981Z"}}, {"model": "rentItapp.utilizador", "pk": "anaLasanha", "fields": {"nascimento": "1995-02-03", "email": "analasanha@gmail.com", "nome": "Ana Marques", "nif": null, "foto": "images/users/ana.jpg", "genero": "F", "localidade": "Porto", "lingua": "português;inglês;espanhol"}}, {"model": "rentItapp.utilizador", "pk": "andreia96", "fields": {"nascimento": "1996-06-29", "email": "andreia96@gmail.com", "nome": "Andreia Santos", "nif": null, "foto": "images/users/andreia.jpg", "genero": "F", "localidade": "Lisboa", "lingua": "português;inglês"}}, {"model": "rentItapp.utilizador", "pk": "antonio89", "fields": {"nascimento": "1989-07-07", "email": "antonio@gmail.com", "nome": "António Gomes", "nif": null, "foto": "images/users/antonio.jpg", "genero": "M", "localidade": "Beja", "lingua": "português;inglês;espanhol"}}, {"model": "rentItapp.utilizador", "pk": "cristianaT", "fields": {"nascimento": "1999-03-12", "email": "cristiana98@gmail.com", "nome": "Cristiana", "nif": 128503289, "foto": "images/users/cristiana.jpg", "genero": "F", "localidade": "Lisboa", "lingua": "português;inglês;espanhol"}}, {"model": "rentItapp.utilizador", "pk": "estudante", "fields": {"nascimento": "1997-11-12", "email": "joaomaria@gmail.com", "nome": "João Maria", "nif": null, "foto": "images/users/estudante.jpg", "genero": "M", "localidade": "Lisboa", "lingua": "inglês;espanhol"}}, {"model": "rentItapp.utilizador", "pk": "helena", "fields": {"nascimento": "1973-06-13", "email": "helena@troia.com", "nome": "Helena", "nif": 321654987, "foto": "images/users/helena.jpg", "genero": "F", "localidade": "Troia", "lingua": "grego"}}, {"model": "rentItapp.utilizador", "pk": "homero", "fields": {"nascimento": "1997-06-23", "email": "homero@iliada.com", "nome": "Homero", "nif": 123456789, "foto": "images/users/210px-Homeros_Caetani_Louvre_Ma440_n2.jpg", "genero": "M", "localidade": "Atenas", "lingua": "grego"}}, {"model": "rentItapp.utilizador", "pk": "joanatomas", "fields": {"nascimento": "1998-09-15", "email": "joaninha_tomas@hotmail.com", "nome": "Joana", "nif": 123456787, "foto": "images/users/tumblr_njkobm8StQ1r1arpmo1_r1_1280.png", "genero": "F", "localidade": "Lisboa", "lingua": "português;inglês"}}, {"model": "rentItapp.utilizador", "pk": "marcoantonio", "fields": {"nascimento": "1996-03-14", "email": "marcoantonio@impera.com", "nome": "Marco", "nif": 789456123, "foto": "images/users/busto-de-marco-antonio-lugar-tenente-de-cesar.jpg", "genero": "M", "localidade": "Egito", "lingua": "grego"}}, {"model": "rentItapp.utilizador", "pk": "marianaCosta77", "fields": {"nascimento": "1997-08-17", "email": "marianacosta@gmail.com", "nome": "Mariana Costa", "nif": 133588439, "foto": "images/users/mariana.jpg", "genero": "F", "localidade": "Sertã", "lingua": "português;inglês;espanhol"}}, {"model": "rentItapp.utilizador", "pk": "novoUser", "fields": {"nascimento": null, "email": "novouser@gmail.com", "nome": null, "nif": null, "foto": "images/users/user.svg", "genero": null, "localidade": null, "lingua": null}}, {"model": "rentItapp.utilizador", "pk": "ricardo94", "fields": {"nascimento": "1960-09-12", "email": "ricardo94@gmail.com", "nome": "Ricardo Fernandes", "nif": null, "foto": "images/users/ricardo.png", "genero": "M", "localidade": "Porto", "lingua": "português;inglês;espanhol"}}, {"model": "rentItapp.utilizador", "pk": "zeLopes", "fields": {"nascimento": "1980-01-01", "email": "zelopes80@gmail.com", "nome": "José Lopes", "nif": 234790217, "foto": "images/users/ze.jpg", "genero": "M", "localidade": null, "lingua": "português;inglês;espanhol"}}, {"model": "rentItapp.inquilino", "pk": 5, "fields": {"user_id": "estudante"}}, {"model": "rentItapp.inquilino", "pk": 6, "fields": {"user_id": "ricardo94"}}, {"model": "rentItapp.senhorio", "pk": 1, "fields": {"user_id": "joanatomas"}}, {"model": "rentItapp.senhorio", "pk": 2, "fields": {"user_id": "estudante"}}, {"model": "rentItapp.senhorio", "pk": 3, "fields": {"user_id": "homero"}}, {"model": "rentItapp.senhorio", "pk": 4, "fields": {"user_id": "cristianaT"}}, {"model": "rentItapp.senhorio", "pk": 5, "fields": {"user_id": "anaLasanha"}}, {"model": "rentItapp.senhorio", "pk": 6, "fields": {"user_id": "andreia96"}}, {"model": "rentItapp.senhorio", "pk": 7, "fields": {"user_id": "antonio89"}}, {"model": "rentItapp.senhorio", "pk": 8, "fields": {"user_id": "marianaCosta77"}}, {"model": "rentItapp.senhorio", "pk": 9, "fields": {"user_id": "zeLopes"}}, {"model": "rentItapp.habitacao", "pk": 3, "fields": {"estado": true, "titulo": "Casa dos cristais", "fumador": true, "tipo": "Apartamento", "morada": "Avenida Dom João II, Lisboa, Portugal", "wc": 1, "quartos": 2, "area": 125, "sol": "N", "preco": 123, "faixa_etaria": "50", "animais": false, "genero": "O", "foto": "images/alojamentos/2ikusg0.jpg", "wifi": true, "limpeza": true, "ar_condicionado": true, "televisao": true, "fogao": true, "frigorifico": true, "metro": true, "autocarro": true, "extras": "", "descricao": "Apartamento muito relaxante"}}, {"model": "rentItapp.habitacao", "pk": 4, "fields": {"estado": true, "titulo": "Casa Moderna", "fumador": false, "tipo": "Quarto", "morada": "Rua de Santa Catarina, Porto, Portugal", "wc": 8, "quartos": 5, "area": 200, "sol": "s", "preco": 55, "faixa_etaria": "85", "animais": true, "genero": "O", "foto": "images/alojamentos/casaModerna.jpg", "wifi": true, "limpeza": true, "ar_condicionado": true, "televisao": true, "fogao": true, "frigorifico": true, "metro": false, "autocarro": false, "extras": "Piscina", "descricao": "Casa grande e moderna"}}, {"model": "rentItapp.habitacao", "pk": 5, "fields": {"estado": true, "titulo": "Apartamento espaçoso", "fumador": false, "tipo": "Apartamento", "morada": "Rua dos Lírios, Algueirão-Mem Martins, Portugal", "wc": 1, "quartos": 2, "area": 200, "sol": "N", "preco": 500, "faixa_etaria": "50", "animais": false, "genero": "O", "foto": "images/alojamentos/069244e1-c2f4-4fb2-978c-8efeca2ba768-17440abd-9235-490c-a032-fa83309801ae.jpg", "wifi": true, "limpeza": true, "ar_condicionado": true, "televisao": true, "fogao": true, "frigorifico": true, "metro": true, "autocarro": true, "extras": "", "descricao": "Este é um apartamento cheio de luz e muito espaçoso! Se tiver alguma dúvida não hesite em enviar uma mensagem!"}}, {"model": "rentItapp.habitacao", "pk": 6, "fields": {"estado": true, "titulo": "Apartamento pequeno", "fumador": false, "tipo": "Apartamento", "morada": "Rua das Paponas, Vale de Santarém, Portugal", "wc": 1, "quartos": 1, "area": 100, "sol": "E", "preco": 230, "faixa_etaria": "40", "animais": false, "genero": "O", "foto": "images/alojamentos/apartamento-pequeno.jpg", "wifi": true, "limpeza": true, "ar_condicionado": true, "televisao": true, "fogao": true, "frigorifico": true, "metro": false, "autocarro": false, "extras": "", "descricao": "Apartamento pequeno mas bem situado e com muitas regalias! Não hesite em contactar."}}, {"model": "rentItapp.habitacao", "pk": 7, "fields": {"estado": true, "titulo": "T2 nos Olivais", "fumador": true, "tipo": "Apartamento", "morada": "Rua Cidade da Beira, Lisboa, Portugal", "wc": 1, "quartos": 2, "area": 135, "sol": "N", "preco": 500, "faixa_etaria": "40", "animais": false, "genero": "O", "foto": "images/alojamentos/apartamento-t2-lisboa-olivais-sul_2.jpg", "wifi": true, "limpeza": false, "ar_condicionado": true, "televisao": true, "fogao": true, "frigorifico": true, "metro": true, "autocarro": true, "extras": "", "descricao": "Apartamento T2 situado nos Olivais, com todos os transportes à sua volta, muitos cafés e restaurantes!"}}, {"model": "rentItapp.habitacao", "pk": 8, "fields": {"estado": true, "titulo": "Apartamento em Beja", "fumador": false, "tipo": "Apartamento", "morada": "Rua da Ancha, Beja, Portugal", "wc": 2, "quartos": 4, "area": 150, "sol": "O", "preco": 300, "faixa_etaria": "50", "animais": true, "genero": "O", "foto": "images/alojamentos/apartmento.jpg", "wifi": true, "limpeza": true, "ar_condicionado": true, "televisao": true, "fogao": true, "frigorifico": true, "metro": false, "autocarro": false, "extras": "", "descricao": "Apartamento cheio de luz em Beja, a melhor zona de Portugal! Muitos restaurantes e cafés à volta, zona muito segura e calma."}}, {"model": "rentItapp.habitacao", "pk": 9, "fields": {"estado": true, "titulo": "Loft moderno na Covilhã", "fumador": false, "tipo": "Apartamento", "morada": "Av. 25 de Abril, Covilhã, Portugal", "wc": 1, "quartos": 2, "area": 140, "sol": "N", "preco": 500, "faixa_etaria": "50", "animais": false, "genero": "O", "foto": "images/alojamentos/loft.jpg", "wifi": true, "limpeza": true, "ar_condicionado": true, "televisao": true, "fogao": true, "frigorifico": true, "metro": true, "autocarro": true, "extras": "", "descricao": "Loft super moderno muito bem situado!"}}, {"model": "rentItapp.habitacao", "pk": 10, "fields": {"estado": true, "titulo": "T0", "fumador": true, "tipo": "Apartamento", "morada": "Rua 8 de Dezembro, Vila Nova de Famalicão, Portugal", "wc": 1, "quartos": 1, "area": 149, "sol": "N", "preco": 55.6, "faixa_etaria": "58", "animais": false, "genero": "O", "foto": "images/alojamentos/t0.jpg", "wifi": true, "limpeza": true, "ar_condicionado": true, "televisao": true, "fogao": true, "frigorifico": true, "metro": true, "autocarro": true, "extras": "", "descricao": "T0 muito luxuoso com todos os serviços que pode desejar!"}}, {"model": "rentItapp.habitacao", "pk": 11, "fields": {"estado": true, "titulo": "Casa Hobbit", "fumador": false, "tipo": "Vivenda", "morada": "Serra da Estrela, Unhais da Serra, Portugal", "wc": 2, "quartos": 3, "area": 180, "sol": "N", "preco": 365, "faixa_etaria": "60", "animais": true, "genero": "O", "foto": "images/alojamentos/casaHobbit.jpg", "wifi": true, "limpeza": true, "ar_condicionado": true, "televisao": true, "fogao": true, "frigorifico": true, "metro": false, "autocarro": false, "extras": "", "descricao": "Para os grandes fãs da trilogia Senhor dos Anéis! Uma experiência inesquecível!"}}, {"model": "rentItapp.habitacao", "pk": 12, "fields": {"estado": true, "titulo": "Apartamento com Varanda Incrível", "fumador": false, "tipo": "Apartamento", "morada": "Avenida de Sintra, Cascais, Portugal", "wc": 4, "quartos": 7, "area": 200, "sol": "S", "preco": 955, "faixa_etaria": "50", "animais": false, "genero": "O", "foto": "images/alojamentos/varanda-de-apartamento.jpg", "wifi": true, "limpeza": true, "ar_condicionado": true, "televisao": true, "fogao": true, "frigorifico": true, "metro": true, "autocarro": true, "extras": "", "descricao": "Apartamento com varanda com vista incrível! Super luxuoso, envie mensagem para mais detalhes ou dúvidas!"}}, {"model": "rentItapp.habitacao", "pk": 13, "fields": {"estado": true, "titulo": "Casa Rústica", "fumador": false, "tipo": "Vivenda", "morada": "Rua Mar do Norte, Lisboa, Portugal", "wc": 3, "quartos": 5, "area": 200, "sol": "N", "preco": 556, "faixa_etaria": "40", "animais": false, "genero": "O", "foto": "images/alojamentos/casaRustica_zfyl8as.jpg", "wifi": true, "limpeza": false, "ar_condicionado": true, "televisao": false, "fogao": true, "frigorifico": true, "metro": false, "autocarro": false, "extras": "Piscina; Ginásio", "descricao": "Casa linda"}}, {"model": "rentItapp.gere", "pk": 3, "fields": {"hab_id": 3, "senhorio_id": 2}}, {"model": "rentItapp.gere", "pk": 4, "fields": {"hab_id": 4, "senhorio_id": 3}}, {"model": "rentItapp.gere", "pk": 5, "fields": {"hab_id": 5, "senhorio_id": 4}}, {"model": "rentItapp.gere", "pk": 6, "fields": {"hab_id": 6, "senhorio_id": 5}}, {"model": "rentItapp.gere", "pk": 7, "fields": {"hab_id": 7, "senhorio_id": 6}}, {"model": "rentItapp.gere", "pk": 8, "fields": {"hab_id": 8, "senhorio_id": 7}}, {"model": "rentItapp.gere", "pk": 9, "fields": {"hab_id": 9, "senhorio_id": 8}}, {"model": "rentItapp.gere", "pk": 10, "fields": {"hab_id": 10, "senhorio_id": 9}}, {"model": "rentItapp.gere", "pk": 11, "fields": {"hab_id": 11, "senhorio_id": 9}}, {"model": "rentItapp.gere", "pk": 12, "fields": {"hab_id": 12, "senhorio_id": 4}}, {"model": "rentItapp.gere", "pk": 15, "fields": {"hab_id": 13, "senhorio_id": 1}}, {"model": "rentItapp.habita", "pk": 9, "fields": {"inquilino_id": 5, "habitacao_id": 13, "desde": "2021-05-20", "ate": "2021-05-23", "renda": 556, "valorAPagar": 1668.0, "dia_pagamento": 12, "n_hospedes": 1}}, {"model": "rentItapp.habita", "pk": 10, "fields": {"inquilino_id": 6, "habitacao_id": 11, "desde": "2021-05-20", "ate": "2021-06-20", "renda": 365, "valorAPagar": 9833.0, "dia_pagamento": 2, "n_hospedes": 1}}, {"model": "rentItapp.avalia", "pk": 1, "fields": {"inquilino_id": "joanatomas", "habitacao_id": 8, "nome": "Adorei!", "comentario": "A minha estadia neste apartamento correu super bem. Recomendo!", "senhorio": 4, "limpeza": 5, "vizinhanca": 4, "inquilino": 5}}, {"model": "rentItapp.avalia", "pk": 2, "fields": {"inquilino_id": "estudante", "habitacao_id": 8, "nome": "Gostei", "comentario": "Gostei muito do apartamento, correu tudo bem.", "senhorio": 5, "limpeza": 4, "vizinhanca": 5, "inquilino": 4}}, {"model": "rentItapp.pagamentos", "pk": 10, "fields": {"senhorio_id": 9, "inquilino_id": 6, "habitacao_id": 11, "valor": 215.0, "timestamp": "2021-05-20T18:55:17.143Z"}}, {"model": "rentItapp.pagamentos", "pk": 11, "fields": {"senhorio_id": 9, "inquilino_id": 6, "habitacao_id": 11, "valor": 100.0, "timestamp": "2021-05-20T18:58:16.982Z"}}, {"model": "rentItapp.pagamentos", "pk": 12, "fields": {"senhorio_id": 9, "inquilino_id": 6, "habitacao_id": 11, "valor": 233.0, "timestamp": "2021-05-20T19:01:24.784Z"}}, {"model": "rentItapp.pagamentos", "pk": 13, "fields": {"senhorio_id": 9, "inquilino_id": 6, "habitacao_id": 11, "valor": 233.0, "timestamp": "2021-05-20T19:01:57.738Z"}}, {"model": "rentItapp.pagamentos", "pk": 14, "fields": {"senhorio_id": 9, "inquilino_id": 6, "habitacao_id": 11, "valor": 233.0, "timestamp": "2021-05-20T19:02:24.821Z"}}, {"model": "rentItapp.pagamentos", "pk": 15, "fields": {"senhorio_id": 9, "inquilino_id": 6, "habitacao_id": 11, "valor": 234.0, "timestamp": "2021-05-20T19:06:55.032Z"}}, {"model": "rentItapp.pagamentos", "pk": 16, "fields": {"senhorio_id": 9, "inquilino_id": 6, "habitacao_id": 11, "valor": 234.0, "timestamp": "2021-05-20T19:08:01.529Z"}}, {"model": "rentItapp.testimonial", "pk": 1, "fields": {"user_id": "anaLasanha", "comentario": "Adoro o website! Facilita imenso o processo de aluguer ou de reserva de alojamentos! Muito obrigada"}}, {"model": "rentItapp.testimonial", "pk": 2, "fields": {"user_id": "joanatomas", "comentario": "Obrigada! 5 estrelas"}}, {"model": "rentItapp.testimonial", "pk": 3, "fields": {"user_id": "cristianaT", "comentario": "Respondem super rápido às questões que envio por e-mail! Apoio ao cliente fantástico. Muito obrigada!"}}, {"model": "rentItapp.anunciosfav", "pk": 1, "fields": {"user_id": "anaLasanha", "habitacao_id": 11}}, {"model": "rentItapp.anunciosfav", "pk": 3, "fields": {"user_id": "joanatomas", "habitacao_id": 11}}, {"model": "rentItapp.anunciosfav", "pk": 5, "fields": {"user_id": "ricardo94", "habitacao_id": 11}}, {"model": "rentItapp.newsletter", "pk": "joaninha_tomas@hotmail.com", "fields": {}}, {"model": "admin.logentry", "pk": 1, "fields": {"action_time": "2021-05-19T16:15:40.451Z", "user": 1, "content_type": 10, "object_id": "2", "object_repr": "Pagamentos object (2)", "action_flag": 3, "change_message": ""}}, {"model": "admin.logentry", "pk": 2, "fields": {"action_time": "2021-05-19T16:15:40.466Z", "user": 1, "content_type": 10, "object_id": "1", "object_repr": "Pagamentos object (1)", "action_flag": 3, "change_message": ""}}, {"model": "admin.logentry", "pk": 3, "fields": {"action_time": "2021-05-19T16:19:47.164Z", "user": 1, "content_type": 10, "object_id": "3", "object_repr": "Pagamentos object (3)", "action_flag": 3, "change_message": ""}}, {"model": "admin.logentry", "pk": 4, "fields": {"action_time": "2021-05-19T16:19:56.511Z", "user": 1, "content_type": 12, "object_id": "1", "object_repr": "Habita object (1)", "action_flag": 2, "change_message": "[{\"changed\": {\"fields\": [\"ValorAPagar\"]}}]"}}, {"model": "admin.logentry", "pk": 5, "fields": {"action_time": "2021-05-19T16:29:47.707Z", "user": 1, "content_type": 12, "object_id": "1", "object_repr": "Habita object (1)", "action_flag": 3, "change_message": ""}}, {"model": "admin.logentry", "pk": 6, "fields": {"action_time": "2021-05-19T16:29:53.623Z", "user": 1, "content_type": 10, "object_id": "4", "object_repr": "Pagamentos object (4)", "action_flag": 3, "change_message": ""}}, {"model": "admin.logentry", "pk": 7, "fields": {"action_time": "2021-05-19T16:40:24.474Z", "user": 1, "content_type": 10, "object_id": "7", "object_repr": "Pagamentos object (7)", "action_flag": 3, "change_message": ""}}, {"model": "admin.logentry", "pk": 8, "fields": {"action_time": "2021-05-19T16:40:24.491Z", "user": 1, "content_type": 10, "object_id": "6", "object_repr": "Pagamentos object (6)", "action_flag": 3, "change_message": ""}}, {"model": "admin.logentry", "pk": 9, "fields": {"action_time": "2021-05-19T16:40:24.497Z", "user": 1, "content_type": 10, "object_id": "5", "object_repr": "Pagamentos object (5)", "action_flag": 3, "change_message": ""}}, {"model": "admin.logentry", "pk": 10, "fields": {"action_time": "2021-05-19T16:42:16.302Z", "user": 1, "content_type": 10, "object_id": "8", "object_repr": "Pagamentos object (8)", "action_flag": 3, "change_message": ""}}, {"model": "admin.logentry", "pk": 11, "fields": {"action_time": "2021-05-19T18:25:17.319Z", "user": 1, "content_type": 2, "object_id": "7", "object_repr": "Mensagem object (7)", "action_flag": 3, "change_message": ""}}, {"model": "admin.logentry", "pk": 12, "fields": {"action_time": "2021-05-19T18:25:17.325Z", "user": 1, "content_type": 2, "object_id": "6", "object_repr": "Mensagem object (6)", "action_flag": 3, "change_message": ""}}, {"model": "admin.logentry", "pk": 13, "fields": {"action_time": "2021-05-19T18:25:17.330Z", "user": 1, "content_type": 2, "object_id": "5", "object_repr": "Mensagem object (5)", "action_flag": 3, "change_message": ""}}, {"model": "admin.logentry", "pk": 14, "fields": {"action_time": "2021-05-19T18:25:17.337Z", "user": 1, "content_type": 2, "object_id": "4", "object_repr": "Mensagem object (4)", "action_flag": 3, "change_message": ""}}, {"model": "admin.logentry", "pk": 15, "fields": {"action_time": "2021-05-19T18:25:17.342Z", "user": 1, "content_type": 2, "object_id": "3", "object_repr": "Mensagem object (3)", "action_flag": 3, "change_message": ""}}, {"model": "admin.logentry", "pk": 16, "fields": {"action_time": "2021-05-19T18:25:17.348Z", "user": 1, "content_type": 2, "object_id": "2", "object_repr": "Mensagem object (2)", "action_flag": 3, "change_message": ""}}, {"model": "admin.logentry", "pk": 17, "fields": {"action_time": "2021-05-19T18:25:17.353Z", "user": 1, "content_type": 2, "object_id": "1", "object_repr": "Mensagem object (1)", "action_flag": 3, "change_message": ""}}, {"model": "admin.logentry", "pk": 18, "fields": {"action_time": "2021-05-19T20:27:14.336Z", "user": 1, "content_type": 3, "object_id": "4", "object_repr": "Habitacao object (4)", "action_flag": 2, "change_message": "[{\"changed\": {\"fields\": [\"Foto\"]}}]"}}, {"model": "admin.logentry", "pk": 19, "fields": {"action_time": "2021-05-19T20:28:59.731Z", "user": 1, "content_type": 3, "object_id": "4", "object_repr": "Habitacao object (4)", "action_flag": 2, "change_message": "[{\"changed\": {\"fields\": [\"Foto\"]}}]"}}, {"model": "admin.logentry", "pk": 20, "fields": {"action_time": "2021-05-19T20:34:35.335Z", "user": 1, "content_type": 1, "object_id": "1", "object_repr": "Chat object (1)", "action_flag": 3, "change_message": ""}}, {"model": "admin.logentry", "pk": 21, "fields": {"action_time": "2021-05-20T03:49:31.326Z", "user": 1, "content_type": 14, "object_id": "13", "object_repr": "gere object (13)", "action_flag": 1, "change_message": "[{\"added\": {}}]"}}, {"model": "admin.logentry", "pk": 22, "fields": {"action_time": "2021-05-20T03:52:11.229Z", "user": 1, "content_type": 10, "object_id": "9", "object_repr": "Pagamentos object (9)", "action_flag": 3, "change_message": ""}}, {"model": "admin.logentry", "pk": 23, "fields": {"action_time": "2021-05-20T03:52:29.746Z", "user": 1, "content_type": 14, "object_id": "14", "object_repr": "gere object (14)", "action_flag": 1, "change_message": "[{\"added\": {}}]"}}, {"model": "admin.logentry", "pk": 24, "fields": {"action_time": "2021-05-20T03:53:30.763Z", "user": 1, "content_type": 12, "object_id": "7", "object_repr": "Habita object (7)", "action_flag": 1, "change_message": "[{\"added\": {}}]"}}, {"model": "admin.logentry", "pk": 25, "fields": {"action_time": "2021-05-20T14:29:23.757Z", "user": 1, "content_type": 12, "object_id": "4", "object_repr": "Habita object (4)", "action_flag": 3, "change_message": ""}}, {"model": "admin.logentry", "pk": 26, "fields": {"action_time": "2021-05-20T14:29:23.768Z", "user": 1, "content_type": 12, "object_id": "3", "object_repr": "Habita object (3)", "action_flag": 3, "change_message": ""}}, {"model": "admin.logentry", "pk": 27, "fields": {"action_time": "2021-05-20T14:29:32.865Z", "user": 1, "content_type": 4, "object_id": "4", "object_repr": "Inquilino object (4)", "action_flag": 3, "change_message": ""}}, {"model": "admin.logentry", "pk": 28, "fields": {"action_time": "2021-05-20T14:29:32.873Z", "user": 1, "content_type": 4, "object_id": "3", "object_repr": "Inquilino object (3)", "action_flag": 3, "change_message": ""}}, {"model": "admin.logentry", "pk": 29, "fields": {"action_time": "2021-05-20T14:29:32.881Z", "user": 1, "content_type": 4, "object_id": "2", "object_repr": "Inquilino object (2)", "action_flag": 3, "change_message": ""}}, {"model": "admin.logentry", "pk": 30, "fields": {"action_time": "2021-05-20T14:29:32.891Z", "user": 1, "content_type": 4, "object_id": "1", "object_repr": "Inquilino object (1)", "action_flag": 3, "change_message": ""}}, {"model": "admin.logentry", "pk": 31, "fields": {"action_time": "2021-05-20T17:19:47.146Z", "user": 1, "content_type": 1, "object_id": "11", "object_repr": "Chat object (11)", "action_flag": 3, "change_message": ""}}, {"model": "admin.logentry", "pk": 32, "fields": {"action_time": "2021-05-20T17:20:44.399Z", "user": 1, "content_type": 1, "object_id": "12", "object_repr": "Chat object (12)", "action_flag": 3, "change_message": ""}}, {"model": "admin.logentry", "pk": 33, "fields": {"action_time": "2021-05-20T17:21:32.908Z", "user": 1, "content_type": 1, "object_id": "13", "object_repr": "Chat object (13)", "action_flag": 3, "change_message": ""}}, {"model": "admin.logentry", "pk": 34, "fields": {"action_time": "2021-05-20T17:54:09.000Z", "user": 1, "content_type": 2, "object_id": "38", "object_repr": "Mensagem object (38)", "action_flag": 3, "change_message": ""}}, {"model": "admin.logentry", "pk": 35, "fields": {"action_time": "2021-05-20T17:54:09.009Z", "user": 1, "content_type": 2, "object_id": "37", "object_repr": "Mensagem object (37)", "action_flag": 3, "change_message": ""}}, {"model": "admin.logentry", "pk": 36, "fields": {"action_time": "2021-05-20T17:54:09.014Z", "user": 1, "content_type": 2, "object_id": "36", "object_repr": "Mensagem object (36)", "action_flag": 3, "change_message": ""}}, {"model": "admin.logentry", "pk": 37, "fields": {"action_time": "2021-05-20T17:54:09.018Z", "user": 1, "content_type": 2, "object_id": "33", "object_repr": "Mensagem object (33)", "action_flag": 3, "change_message": ""}}, {"model": "admin.logentry", "pk": 38, "fields": {"action_time": "2021-05-20T17:54:09.023Z", "user": 1, "content_type": 2, "object_id": "32", "object_repr": "Mensagem object (32)", "action_flag": 3, "change_message": ""}}, {"model": "admin.logentry", "pk": 39, "fields": {"action_time": "2021-05-20T17:54:09.027Z", "user": 1, "content_type": 2, "object_id": "31", "object_repr": "Mensagem object (31)", "action_flag": 3, "change_message": ""}}, {"model": "admin.logentry", "pk": 40, "fields": {"action_time": "2021-05-20T17:54:09.032Z", "user": 1, "content_type": 2, "object_id": "30", "object_repr": "Mensagem object (30)", "action_flag": 3, "change_message": ""}}, {"model": "admin.logentry", "pk": 41, "fields": {"action_time": "2021-05-20T17:54:09.036Z", "user": 1, "content_type": 2, "object_id": "29", "object_repr": "Mensagem object (29)", "action_flag": 3, "change_message": ""}}, {"model": "admin.logentry", "pk": 42, "fields": {"action_time": "2021-05-20T17:54:09.043Z", "user": 1, "content_type": 2, "object_id": "28", "object_repr": "Mensagem object (28)", "action_flag": 3, "change_message": ""}}, {"model": "admin.logentry", "pk": 43, "fields": {"action_time": "2021-05-20T17:54:09.048Z", "user": 1, "content_type": 2, "object_id": "27", "object_repr": "Mensagem object (27)", "action_flag": 3, "change_message": ""}}, {"model": "admin.logentry", "pk": 44, "fields": {"action_time": "2021-05-20T17:54:09.052Z", "user": 1, "content_type": 2, "object_id": "26", "object_repr": "Mensagem object (26)", "action_flag": 3, "change_message": ""}}, {"model": "admin.logentry", "pk": 45, "fields": {"action_time": "2021-05-20T17:54:09.058Z", "user": 1, "content_type": 2, "object_id": "25", "object_repr": "Mensagem object (25)", "action_flag": 3, "change_message": ""}}, {"model": "admin.logentry", "pk": 46, "fields": {"action_time": "2021-05-20T17:54:09.062Z", "user": 1, "content_type": 2, "object_id": "24", "object_repr": "Mensagem object (24)", "action_flag": 3, "change_message": ""}}, {"model": "admin.logentry", "pk": 47, "fields": {"action_time": "2021-05-20T17:54:09.067Z", "user": 1, "content_type": 2, "object_id": "23", "object_repr": "Mensagem object (23)", "action_flag": 3, "change_message": ""}}, {"model": "admin.logentry", "pk": 48, "fields": {"action_time": "2021-05-20T17:54:09.071Z", "user": 1, "content_type": 2, "object_id": "22", "object_repr": "Mensagem object (22)", "action_flag": 3, "change_message": ""}}, {"model": "admin.logentry", "pk": 49, "fields": {"action_time": "2021-05-20T17:54:09.076Z", "user": 1, "content_type": 2, "object_id": "21", "object_repr": "Mensagem object (21)", "action_flag": 3, "change_message": ""}}, {"model": "admin.logentry", "pk": 50, "fields": {"action_time": "2021-05-20T17:54:09.083Z", "user": 1, "content_type": 2, "object_id": "20", "object_repr": "Mensagem object (20)", "action_flag": 3, "change_message": ""}}, {"model": "admin.logentry", "pk": 51, "fields": {"action_time": "2021-05-20T17:54:09.088Z", "user": 1, "content_type": 2, "object_id": "19", "object_repr": "Mensagem object (19)", "action_flag": 3, "change_message": ""}}, {"model": "admin.logentry", "pk": 52, "fields": {"action_time": "2021-05-20T17:54:09.093Z", "user": 1, "content_type": 2, "object_id": "18", "object_repr": "Mensagem object (18)", "action_flag": 3, "change_message": ""}}, {"model": "admin.logentry", "pk": 53, "fields": {"action_time": "2021-05-20T17:54:09.097Z", "user": 1, "content_type": 2, "object_id": "17", "object_repr": "Mensagem object (17)", "action_flag": 3, "change_message": ""}}, {"model": "admin.logentry", "pk": 54, "fields": {"action_time": "2021-05-20T17:54:09.101Z", "user": 1, "content_type": 2, "object_id": "16", "object_repr": "Mensagem object (16)", "action_flag": 3, "change_message": ""}}, {"model": "admin.logentry", "pk": 55, "fields": {"action_time": "2021-05-20T17:54:09.106Z", "user": 1, "content_type": 2, "object_id": "15", "object_repr": "Mensagem object (15)", "action_flag": 3, "change_message": ""}}, {"model": "admin.logentry", "pk": 56, "fields": {"action_time": "2021-05-20T17:54:09.110Z", "user": 1, "content_type": 2, "object_id": "14", "object_repr": "Mensagem object (14)", "action_flag": 3, "change_message": ""}}, {"model": "admin.logentry", "pk": 57, "fields": {"action_time": "2021-05-20T17:54:09.115Z", "user": 1, "content_type": 2, "object_id": "13", "object_repr": "Mensagem object (13)", "action_flag": 3, "change_message": ""}}, {"model": "admin.logentry", "pk": 58, "fields": {"action_time": "2021-05-20T17:54:09.120Z", "user": 1, "content_type": 2, "object_id": "12", "object_repr": "Mensagem object (12)", "action_flag": 3, "change_message": ""}}, {"model": "admin.logentry", "pk": 59, "fields": {"action_time": "2021-05-20T17:54:09.126Z", "user": 1, "content_type": 2, "object_id": "11", "object_repr": "Mensagem object (11)", "action_flag": 3, "change_message": ""}}, {"model": "admin.logentry", "pk": 60, "fields": {"action_time": "2021-05-20T17:54:09.130Z", "user": 1, "content_type": 2, "object_id": "10", "object_repr": "Mensagem object (10)", "action_flag": 3, "change_message": ""}}, {"model": "admin.logentry", "pk": 61, "fields": {"action_time": "2021-05-20T17:54:09.134Z", "user": 1, "content_type": 2, "object_id": "9", "object_repr": "Mensagem object (9)", "action_flag": 3, "change_message": ""}}, {"model": "admin.logentry", "pk": 62, "fields": {"action_time": "2021-05-20T17:54:09.139Z", "user": 1, "content_type": 2, "object_id": "8", "object_repr": "Mensagem object (8)", "action_flag": 3, "change_message": ""}}, {"model": "admin.logentry", "pk": 63, "fields": {"action_time": "2021-05-20T17:54:14.866Z", "user": 1, "content_type": 1, "object_id": "15", "object_repr": "Chat object (15)", "action_flag": 3, "change_message": ""}}, {"model": "admin.logentry", "pk": 64, "fields": {"action_time": "2021-05-20T17:54:14.875Z", "user": 1, "content_type": 1, "object_id": "14", "object_repr": "Chat object (14)", "action_flag": 3, "change_message": ""}}, {"model": "admin.logentry", "pk": 65, "fields": {"action_time": "2021-05-20T17:54:14.881Z", "user": 1, "content_type": 1, "object_id": "10", "object_repr": "Chat object (10)", "action_flag": 3, "change_message": ""}}, {"model": "admin.logentry", "pk": 66, "fields": {"action_time": "2021-05-20T17:54:14.886Z", "user": 1, "content_type": 1, "object_id": "9", "object_repr": "Chat object (9)", "action_flag": 3, "change_message": ""}}, {"model": "admin.logentry", "pk": 67, "fields": {"action_time": "2021-05-20T17:54:14.891Z", "user": 1, "content_type": 1, "object_id": "8", "object_repr": "Chat object (8)", "action_flag": 3, "change_message": ""}}, {"model": "admin.logentry", "pk": 68, "fields": {"action_time": "2021-05-20T17:54:14.896Z", "user": 1, "content_type": 1, "object_id": "7", "object_repr": "Chat object (7)", "action_flag": 3, "change_message": ""}}, {"model": "admin.logentry", "pk": 69, "fields": {"action_time": "2021-05-20T17:54:14.901Z", "user": 1, "content_type": 1, "object_id": "6", "object_repr": "Chat object (6)", "action_flag": 3, "change_message": ""}}, {"model": "admin.logentry", "pk": 70, "fields": {"action_time": "2021-05-20T17:54:14.905Z", "user": 1, "content_type": 1, "object_id": "5", "object_repr": "Chat object (5)", "action_flag": 3, "change_message": ""}}, {"model": "admin.logentry", "pk": 71, "fields": {"action_time": "2021-05-20T17:54:14.910Z", "user": 1, "content_type": 1, "object_id": "4", "object_repr": "Chat object (4)", "action_flag": 3, "change_message": ""}}, {"model": "admin.logentry", "pk": 72, "fields": {"action_time": "2021-05-20T17:54:14.915Z", "user": 1, "content_type": 1, "object_id": "3", "object_repr": "Chat object (3)", "action_flag": 3, "change_message": ""}}, {"model": "admin.logentry", "pk": 73, "fields": {"action_time": "2021-05-20T17:54:14.920Z", "user": 1, "content_type": 1, "object_id": "2", "object_repr": "Chat object (2)", "action_flag": 3, "change_message": ""}}, {"model": "admin.logentry", "pk": 74, "fields": {"action_time": "2021-05-20T18:21:34.065Z", "user": 1, "content_type": 3, "object_id": "13", "object_repr": "Habitacao object (13)", "action_flag": 2, "change_message": "[{\"changed\": {\"fields\": [\"Extras\"]}}]"}}, {"model": "admin.logentry", "pk": 75, "fields": {"action_time": "2021-05-20T18:28:39.528Z", "user": 1, "content_type": 16, "object_id": "3", "object_repr": "Avalia object (3)", "action_flag": 3, "change_message": ""}}, {"model": "auth.permission", "pk": 1, "fields": {"name": "Can add chat", "content_type": 1, "codename": "add_chat"}}, {"model": "auth.permission", "pk": 2, "fields": {"name": "Can change chat", "content_type": 1, "codename": "change_chat"}}, {"model": "auth.permission", "pk": 3, "fields": {"name": "Can delete chat", "content_type": 1, "codename": "delete_chat"}}, {"model": "auth.permission", "pk": 4, "fields": {"name": "Can view chat", "content_type": 1, "codename": "view_chat"}}, {"model": "auth.permission", "pk": 5, "fields": {"name": "Can add mensagem", "content_type": 2, "codename": "add_mensagem"}}, {"model": "auth.permission", "pk": 6, "fields": {"name": "Can change mensagem", "content_type": 2, "codename": "change_mensagem"}}, {"model": "auth.permission", "pk": 7, "fields": {"name": "Can delete mensagem", "content_type": 2, "codename": "delete_mensagem"}}, {"model": "auth.permission", "pk": 8, "fields": {"name": "Can view mensagem", "content_type": 2, "codename": "view_mensagem"}}, {"model": "auth.permission", "pk": 9, "fields": {"name": "Can add habitacao", "content_type": 3, "codename": "add_habitacao"}}, {"model": "auth.permission", "pk": 10, "fields": {"name": "Can change habitacao", "content_type": 3, "codename": "change_habitacao"}}, {"model": "auth.permission", "pk": 11, "fields": {"name": "Can delete habitacao", "content_type": 3, "codename": "delete_habitacao"}}, {"model": "auth.permission", "pk": 12, "fields": {"name": "Can view habitacao", "content_type": 3, "codename": "view_habitacao"}}, {"model": "auth.permission", "pk": 13, "fields": {"name": "Can add inquilino", "content_type": 4, "codename": "add_inquilino"}}, {"model": "auth.permission", "pk": 14, "fields": {"name": "Can change inquilino", "content_type": 4, "codename": "change_inquilino"}}, {"model": "auth.permission", "pk": 15, "fields": {"name": "Can delete inquilino", "content_type": 4, "codename": "delete_inquilino"}}, {"model": "auth.permission", "pk": 16, "fields": {"name": "Can view inquilino", "content_type": 4, "codename": "view_inquilino"}}, {"model": "auth.permission", "pk": 17, "fields": {"name": "Can add newsletter", "content_type": 5, "codename": "add_newsletter"}}, {"model": "auth.permission", "pk": 18, "fields": {"name": "Can change newsletter", "content_type": 5, "codename": "change_newsletter"}}, {"model": "auth.permission", "pk": 19, "fields": {"name": "Can delete newsletter", "content_type": 5, "codename": "delete_newsletter"}}, {"model": "auth.permission", "pk": 20, "fields": {"name": "Can view newsletter", "content_type": 5, "codename": "view_newsletter"}}, {"model": "auth.permission", "pk": 21, "fields": {"name": "Can add utilizador", "content_type": 6, "codename": "add_utilizador"}}, {"model": "auth.permission", "pk": 22, "fields": {"name": "Can change utilizador", "content_type": 6, "codename": "change_utilizador"}}, {"model": "auth.permission", "pk": 23, "fields": {"name": "Can delete utilizador", "content_type": 6, "codename": "delete_utilizador"}}, {"model": "auth.permission", "pk": 24, "fields": {"name": "Can view utilizador", "content_type": 6, "codename": "view_utilizador"}}, {"model": "auth.permission", "pk": 25, "fields": {"name": "Can add testimonial", "content_type": 7, "codename": "add_testimonial"}}, {"model": "auth.permission", "pk": 26, "fields": {"name": "Can change testimonial", "content_type": 7, "codename": "change_testimonial"}}, {"model": "auth.permission", "pk": 27, "fields": {"name": "Can delete testimonial", "content_type": 7, "codename": "delete_testimonial"}}, {"model": "auth.permission", "pk": 28, "fields": {"name": "Can view testimonial", "content_type": 7, "codename": "view_testimonial"}}, {"model": "auth.permission", "pk": 29, "fields": {"name": "Can add senhorio", "content_type": 8, "codename": "add_senhorio"}}, {"model": "auth.permission", "pk": 30, "fields": {"name": "Can change senhorio", "content_type": 8, "codename": "change_senhorio"}}, {"model": "auth.permission", "pk": 31, "fields": {"name": "Can delete senhorio", "content_type": 8, "codename": "delete_senhorio"}}, {"model": "auth.permission", "pk": 32, "fields": {"name": "Can view senhorio", "content_type": 8, "codename": "view_senhorio"}}, {"model": "auth.permission", "pk": 33, "fields": {"name": "Can add pedidos", "content_type": 9, "codename": "add_pedidos"}}, {"model": "auth.permission", "pk": 34, "fields": {"name": "Can change pedidos", "content_type": 9, "codename": "change_pedidos"}}, {"model": "auth.permission", "pk": 35, "fields": {"name": "Can delete pedidos", "content_type": 9, "codename": "delete_pedidos"}}, {"model": "auth.permission", "pk": 36, "fields": {"name": "Can view pedidos", "content_type": 9, "codename": "view_pedidos"}}, {"model": "auth.permission", "pk": 37, "fields": {"name": "Can add pagamentos", "content_type": 10, "codename": "add_pagamentos"}}, {"model": "auth.permission", "pk": 38, "fields": {"name": "Can change pagamentos", "content_type": 10, "codename": "change_pagamentos"}}, {"model": "auth.permission", "pk": 39, "fields": {"name": "Can delete pagamentos", "content_type": 10, "codename": "delete_pagamentos"}}, {"model": "auth.permission", "pk": 40, "fields": {"name": "Can view pagamentos", "content_type": 10, "codename": "view_pagamentos"}}, {"model": "auth.permission", "pk": 41, "fields": {"name": "Can add historico reservas", "content_type": 11, "codename": "add_historicoreservas"}}, {"model": "auth.permission", "pk": 42, "fields": {"name": "Can change historico reservas", "content_type": 11, "codename": "change_historicoreservas"}}, {"model": "auth.permission", "pk": 43, "fields": {"name": "Can delete historico reservas", "content_type": 11, "codename": "delete_historicoreservas"}}, {"model": "auth.permission", "pk": 44, "fields": {"name": "Can view historico reservas", "content_type": 11, "codename": "view_historicoreservas"}}, {"model": "auth.permission", "pk": 45, "fields": {"name": "Can add habita", "content_type": 12, "codename": "add_habita"}}, {"model": "auth.permission", "pk": 46, "fields": {"name": "Can change habita", "content_type": 12, "codename": "change_habita"}}, {"model": "auth.permission", "pk": 47, "fields": {"name": "Can delete habita", "content_type": 12, "codename": "delete_habita"}}, {"model": "auth.permission", "pk": 48, "fields": {"name": "Can view habita", "content_type": 12, "codename": "view_habita"}}, {"model": "auth.permission", "pk": 49, "fields": {"name": "Can add guarda", "content_type": 13, "codename": "add_guarda"}}, {"model": "auth.permission", "pk": 50, "fields": {"name": "Can change guarda", "content_type": 13, "codename": "change_guarda"}}, {"model": "auth.permission", "pk": 51, "fields": {"name": "Can delete guarda", "content_type": 13, "codename": "delete_guarda"}}, {"model": "auth.permission", "pk": 52, "fields": {"name": "Can view guarda", "content_type": 13, "codename": "view_guarda"}}, {"model": "auth.permission", "pk": 53, "fields": {"name": "Can add gere", "content_type": 14, "codename": "add_gere"}}, {"model": "auth.permission", "pk": 54, "fields": {"name": "Can change gere", "content_type": 14, "codename": "change_gere"}}, {"model": "auth.permission", "pk": 55, "fields": {"name": "Can delete gere", "content_type": 14, "codename": "delete_gere"}}, {"model": "auth.permission", "pk": 56, "fields": {"name": "Can view gere", "content_type": 14, "codename": "view_gere"}}, {"model": "auth.permission", "pk": 57, "fields": {"name": "Can add contacta", "content_type": 15, "codename": "add_contacta"}}, {"model": "auth.permission", "pk": 58, "fields": {"name": "Can change contacta", "content_type": 15, "codename": "change_contacta"}}, {"model": "auth.permission", "pk": 59, "fields": {"name": "Can delete contacta", "content_type": 15, "codename": "delete_contacta"}}, {"model": "auth.permission", "pk": 60, "fields": {"name": "Can view contacta", "content_type": 15, "codename": "view_contacta"}}, {"model": "auth.permission", "pk": 61, "fields": {"name": "Can add avalia", "content_type": 16, "codename": "add_avalia"}}, {"model": "auth.permission", "pk": 62, "fields": {"name": "Can change avalia", "content_type": 16, "codename": "change_avalia"}}, {"model": "auth.permission", "pk": 63, "fields": {"name": "Can delete avalia", "content_type": 16, "codename": "delete_avalia"}}, {"model": "auth.permission", "pk": 64, "fields": {"name": "Can view avalia", "content_type": 16, "codename": "view_avalia"}}, {"model": "auth.permission", "pk": 65, "fields": {"name": "Can add anunciosfav", "content_type": 17, "codename": "add_anunciosfav"}}, {"model": "auth.permission", "pk": 66, "fields": {"name": "Can change anunciosfav", "content_type": 17, "codename": "change_anunciosfav"}}, {"model": "auth.permission", "pk": 67, "fields": {"name": "Can delete anunciosfav", "content_type": 17, "codename": "delete_anunciosfav"}}, {"model": "auth.permission", "pk": 68, "fields": {"name": "Can view anunciosfav", "content_type": 17, "codename": "view_anunciosfav"}}, {"model": "auth.permission", "pk": 69, "fields": {"name": "Can add admin", "content_type": 18, "codename": "add_admin"}}, {"model": "auth.permission", "pk": 70, "fields": {"name": "Can change admin", "content_type": 18, "codename": "change_admin"}}, {"model": "auth.permission", "pk": 71, "fields": {"name": "Can delete admin", "content_type": 18, "codename": "delete_admin"}}, {"model": "auth.permission", "pk": 72, "fields": {"name": "Can view admin", "content_type": 18, "codename": "view_admin"}}, {"model": "auth.permission", "pk": 73, "fields": {"name": "Can add log entry", "content_type": 19, "codename": "add_logentry"}}, {"model": "auth.permission", "pk": 74, "fields": {"name": "Can change log entry", "content_type": 19, "codename": "change_logentry"}}, {"model": "auth.permission", "pk": 75, "fields": {"name": "Can delete log entry", "content_type": 19, "codename": "delete_logentry"}}, {"model": "auth.permission", "pk": 76, "fields": {"name": "Can view log entry", "content_type": 19, "codename": "view_logentry"}}, {"model": "auth.permission", "pk": 77, "fields": {"name": "Can add permission", "content_type": 20, "codename": "add_permission"}}, {"model": "auth.permission", "pk": 78, "fields": {"name": "Can change permission", "content_type": 20, "codename": "change_permission"}}, {"model": "auth.permission", "pk": 79, "fields": {"name": "Can delete permission", "content_type": 20, "codename": "delete_permission"}}, {"model": "auth.permission", "pk": 80, "fields": {"name": "Can view permission", "content_type": 20, "codename": "view_permission"}}, {"model": "auth.permission", "pk": 81, "fields": {"name": "Can add group", "content_type": 21, "codename": "add_group"}}, {"model": "auth.permission", "pk": 82, "fields": {"name": "Can change group", "content_type": 21, "codename": "change_group"}}, {"model": "auth.permission", "pk": 83, "fields": {"name": "Can delete group", "content_type": 21, "codename": "delete_group"}}, {"model": "auth.permission", "pk": 84, "fields": {"name": "Can view group", "content_type": 21, "codename": "view_group"}}, {"model": "auth.permission", "pk": 85, "fields": {"name": "Can add user", "content_type": 22, "codename": "add_user"}}, {"model": "auth.permission", "pk": 86, "fields": {"name": "Can change user", "content_type": 22, "codename": "change_user"}}, {"model": "auth.permission", "pk": 87, "fields": {"name": "Can delete user", "content_type": 22, "codename": "delete_user"}}, {"model": "auth.permission", "pk": 88, "fields": {"name": "Can view user", "content_type": 22, "codename": "view_user"}}, {"model": "auth.permission", "pk": 89, "fields": {"name": "Can add content type", "content_type": 23, "codename": "add_contenttype"}}, {"model": "auth.permission", "pk": 90, "fields": {"name": "Can change content type", "content_type": 23, "codename": "change_contenttype"}}, {"model": "auth.permission", "pk": 91, "fields": {"name": "Can delete content type", "content_type": 23, "codename": "delete_contenttype"}}, {"model": "auth.permission", "pk": 92, "fields": {"name": "Can view content type", "content_type": 23, "codename": "view_contenttype"}}, {"model": "auth.permission", "pk": 93, "fields": {"name": "Can add session", "content_type": 24, "codename": "add_session"}}, {"model": "auth.permission", "pk": 94, "fields": {"name": "Can change session", "content_type": 24, "codename": "change_session"}}, {"model": "auth.permission", "pk": 95, "fields": {"name": "Can delete session", "content_type": 24, "codename": "delete_session"}}, {"model": "auth.permission", "pk": 96, "fields": {"name": "Can view session", "content_type": 24, "codename": "view_session"}}, {"model": "auth.permission", "pk": 97, "fields": {"name": "Can add Token", "content_type": 25, "codename": "add_token"}}, {"model": "auth.permission", "pk": 98, "fields": {"name": "Can change Token", "content_type": 25, "codename": "change_token"}}, {"model": "auth.permission", "pk": 99, "fields": {"name": "Can delete Token", "content_type": 25, "codename": "delete_token"}}, {"model": "auth.permission", "pk": 100, "fields": {"name": "Can view Token", "content_type": 25, "codename": "view_token"}}, {"model": "auth.permission", "pk": 101, "fields": {"name": "Can add token", "content_type": 26, "codename": "add_tokenproxy"}}, {"model": "auth.permission", "pk": 102, "fields": {"name": "Can change token", "content_type": 26, "codename": "change_tokenproxy"}}, {"model": "auth.permission", "pk": 103, "fields": {"name": "Can delete token", "content_type": 26, "codename": "delete_tokenproxy"}}, {"model": "auth.permission", "pk": 104, "fields": {"name": "Can view token", "content_type": 26, "codename": "view_tokenproxy"}}, {"model": "auth.user", "pk": 1, "fields": {"password": "pbkdf2_sha256$216000$witwh80HHfoi$m0hM5TrO6VKtDUGh5PPD89bjyhZuLRewAwLa/e1zkaY=", "last_login": "2021-05-20T17:19:32.391Z", "is_superuser": true, "username": "admin", "first_name": "", "last_name": "", "email": "admin@gmail.com", "is_staff": true, "is_active": true, "date_joined": "2021-05-19T15:42:13.766Z", "groups": [], "user_permissions": []}}, {"model": "auth.user", "pk": 2, "fields": {"password": "pbkdf2_sha256$216000$NMBxWaewsCcu$Q85OOpy8NPtOsD4XpkONlxlfoD7ExGq9Ppz2TfatkSc=", "last_login": "2021-05-20T17:51:01.632Z", "is_superuser": false, "username": "joanatomas", "first_name": "", "last_name": "", "email": "joaninha_tomas@hotmail.com", "is_staff": false, "is_active": true, "date_joined": "2021-05-19T15:42:48.938Z", "groups": [], "user_permissions": []}}, {"model": "auth.user", "pk": 3, "fields": {"password": "pbkdf2_sha256$216000$OLUeWSdwqhl8$1vicWVGRTA6NPA7gBV8dqokiD8lLG1GQv0LKxcMsj38=", "last_login": "2021-05-20T05:41:53.218Z", "is_superuser": false, "username": "estudante", "first_name": "", "last_name": "", "email": "estudante123@gmail.com", "is_staff": false, "is_active": true, "date_joined": "2021-05-19T15:43:00.665Z", "groups": [], "user_permissions": []}}, {"model": "auth.user", "pk": 4, "fields": {"password": "pbkdf2_sha256$216000$yyhtzYvHkhlz$mt58jpCFKQlg4ipZM386aXXER8rvpWiIAcW54OlZsTI=", "last_login": null, "is_superuser": false, "username": "novoUser", "first_name": "", "last_name": "", "email": "novouser@gmail.com", "is_staff": false, "is_active": true, "date_joined": "2021-05-19T15:43:29.780Z", "groups": [], "user_permissions": []}}, {"model": "auth.user", "pk": 5, "fields": {"password": "pbkdf2_sha256$216000$WP587YrV1eWh$9B9bs7YjisvMYmcu3nh+O7f+F3sW018u7RFp1P8pTTs=", "last_login": "2021-05-19T18:25:44.796Z", "is_superuser": false, "username": "helena", "first_name": "", "last_name": "", "email": "helena@troia.com", "is_staff": false, "is_active": true, "date_joined": "2021-05-19T16:56:25.580Z", "groups": [], "user_permissions": []}}, {"model": "auth.user", "pk": 6, "fields": {"password": "pbkdf2_sha256$216000$XP4aZNp0VDNK$RqYBP2DP/TSoXg2w8/UQFRJgx0gW0Fyce/18XUtAX40=", "last_login": "2021-05-19T18:26:30.859Z", "is_superuser": false, "username": "homero", "first_name": "", "last_name": "", "email": "homero@iliada.com", "is_staff": false, "is_active": true, "date_joined": "2021-05-19T16:56:36.524Z", "groups": [], "user_permissions": []}}, {"model": "auth.user", "pk": 7, "fields": {"password": "pbkdf2_sha256$216000$9HytYIc1ZwsN$HRSPi00hJlOoUEE8/Dw88ouzM+gQJGT3lOxTix3tlvM=", "last_login": "2021-05-19T18:26:08.493Z", "is_superuser": false, "username": "marcoantonio", "first_name": "", "last_name": "", "email": "marcoantonio@impera.com", "is_staff": false, "is_active": true, "date_joined": "2021-05-19T17:04:05.314Z", "groups": [], "user_permissions": []}}, {"model": "auth.user", "pk": 8, "fields": {"password": "pbkdf2_sha256$216000$yiayOUuNInav$oF6RcbD5lbf2SDNeZlVqIUQIJvp6LL5EN4+nlJ9INps=", "last_login": "2021-05-19T22:49:23.747Z", "is_superuser": false, "username": "cristianaT", "first_name": "", "last_name": "", "email": "cristiana98@gmail.com", "is_staff": false, "is_active": true, "date_joined": "2021-05-19T19:25:58.424Z", "groups": [], "user_permissions": []}}, {"model": "auth.user", "pk": 9, "fields": {"password": "pbkdf2_sha256$216000$YcZ7685qmKyp$x1X3WQwjJza0Lr3eecxxcT9CqOWLbPB8MOjYYLLa0VM=", "last_login": "2021-05-19T20:36:00.700Z", "is_superuser": false, "username": "anaLasanha", "first_name": "", "last_name": "", "email": "analasanha@gmail.com", "is_staff": false, "is_active": true, "date_joined": "2021-05-19T19:29:35.059Z", "groups": [], "user_permissions": []}}, {"model": "auth.user", "pk": 10, "fields": {"password": "pbkdf2_sha256$216000$AeWJudTZhQ2w$ePoJWLEPYGbpL7FIuRhJL0KQ0W9QknGrbpt9zCUaMF0=", "last_login": "2021-05-19T19:32:36.327Z", "is_superuser": false, "username": "andreia96", "first_name": "", "last_name": "", "email": "andreia96@gmail.com", "is_staff": false, "is_active": true, "date_joined": "2021-05-19T19:32:31.998Z", "groups": [], "user_permissions": []}}, {"model": "auth.user", "pk": 11, "fields": {"password": "pbkdf2_sha256$216000$EZkEs04wzIHn$l/ks9OM30tsKXsFD09egr2U4jved2kUaqsQ/o87ZqBo=", "last_login": "2021-05-19T19:36:19.828Z", "is_superuser": false, "username": "antonio89", "first_name": "", "last_name": "", "email": "antonio@gmail.com", "is_staff": false, "is_active": true, "date_joined": "2021-05-19T19:36:14.572Z", "groups": [], "user_permissions": []}}, {"model": "auth.user", "pk": 12, "fields": {"password": "pbkdf2_sha256$216000$S5dVkzj1oX5v$3mYFgGU/7b2ZFRyP+CygU6hnzBYXSPA8gfTQSYGujtI=", "last_login": "2021-05-19T19:39:40.056Z", "is_superuser": false, "username": "marianaCosta77", "first_name": "", "last_name": "", "email": "marianacosta@gmail.com", "is_staff": false, "is_active": true, "date_joined": "2021-05-19T19:39:35.213Z", "groups": [], "user_permissions": []}}, {"model": "auth.user", "pk": 13, "fields": {"password": "pbkdf2_sha256$216000$zXOID9TYaU0K$CVFtGZ6t3NYTJOslNmIuE9gKlUn0GRuouxtY0rv/dME=", "last_login": "2021-05-20T18:30:59.535Z", "is_superuser": false, "username": "zeLopes", "first_name": "", "last_name": "", "email": "zelopes80@gmail.com", "is_staff": false, "is_active": true, "date_joined": "2021-05-19T19:43:25.635Z", "groups": [], "user_permissions": []}}, {"model": "auth.user", "pk": 14, "fields": {"password": "pbkdf2_sha256$216000$WJP7bLAVpUL8$QcdnDrzTBqWx06R5j6HBUES2IWnEG0nisIfYxEs3LZQ=", "last_login": "2021-05-20T18:09:52.656Z", "is_superuser": false, "username": "ricardo94", "first_name": "", "last_name": "", "email": "ricardo94@gmail.com", "is_staff": false, "is_active": true, "date_joined": "2021-05-20T18:00:34.747Z", "groups": [], "user_permissions": []}}, {"model": "contenttypes.contenttype", "pk": 1, "fields": {"app_label": "chat", "model": "chat"}}, {"model": "contenttypes.contenttype", "pk": 2, "fields": {"app_label": "chat", "model": "mensagem"}}, {"model": "contenttypes.contenttype", "pk": 3, "fields": {"app_label": "rentItapp", "model": "habitacao"}}, {"model": "contenttypes.contenttype", "pk": 4, "fields": {"app_label": "rentItapp", "model": "inquilino"}}, {"model": "contenttypes.contenttype", "pk": 5, "fields": {"app_label": "rentItapp", "model": "newsletter"}}, {"model": "contenttypes.contenttype", "pk": 6, "fields": {"app_label": "rentItapp", "model": "utilizador"}}, {"model": "contenttypes.contenttype", "pk": 7, "fields": {"app_label": "rentItapp", "model": "testimonial"}}, {"model": "contenttypes.contenttype", "pk": 8, "fields": {"app_label": "rentItapp", "model": "senhorio"}}, {"model": "contenttypes.contenttype", "pk": 9, "fields": {"app_label": "rentItapp", "model": "pedidos"}}, {"model": "contenttypes.contenttype", "pk": 10, "fields": {"app_label": "rentItapp", "model": "pagamentos"}}, {"model": "contenttypes.contenttype", "pk": 11, "fields": {"app_label": "rentItapp", "model": "historicoreservas"}}, {"model": "contenttypes.contenttype", "pk": 12, "fields": {"app_label": "rentItapp", "model": "habita"}}, {"model": "contenttypes.contenttype", "pk": 13, "fields": {"app_label": "rentItapp", "model": "guarda"}}, {"model": "contenttypes.contenttype", "pk": 14, "fields": {"app_label": "rentItapp", "model": "gere"}}, {"model": "contenttypes.contenttype", "pk": 15, "fields": {"app_label": "rentItapp", "model": "contacta"}}, {"model": "contenttypes.contenttype", "pk": 16, "fields": {"app_label": "rentItapp", "model": "avalia"}}, {"model": "contenttypes.contenttype", "pk": 17, "fields": {"app_label": "rentItapp", "model": "anunciosfav"}}, {"model": "contenttypes.contenttype", "pk": 18, "fields": {"app_label": "rentItapp", "model": "admin"}}, {"model": "contenttypes.contenttype", "pk": 19, "fields": {"app_label": "admin", "model": "logentry"}}, {"model": "contenttypes.contenttype", "pk": 20, "fields": {"app_label": "auth", "model": "permission"}}, {"model": "contenttypes.contenttype", "pk": 21, "fields": {"app_label": "auth", "model": "group"}}, {"model": "contenttypes.contenttype", "pk": 22, "fields": {"app_label": "auth", "model": "user"}}, {"model": "contenttypes.contenttype", "pk": 23, "fields": {"app_label": "contenttypes", "model": "contenttype"}}, {"model": "contenttypes.contenttype", "pk": 24, "fields": {"app_label": "sessions", "model": "session"}}, {"model": "contenttypes.contenttype", "pk": 25, "fields": {"app_label": "authtoken", "model": "token"}}, {"model": "contenttypes.contenttype", "pk": 26, "fields": {"app_label": "authtoken", "model": "tokenproxy"}}, {"model": "sessions.session", "pk": "026i6ak4bhw0v0qva3tbw02jzzmx2o67", "fields": {"session_data": ".eJxVjDsOwjAQBe_iGllenHUcSvqcIXr22jiAYimfCnF3iJQC2jcz76UGbGsZtiXNwyjqopw6_W4B8ZGmHcgd063qWKd1HoPeFX3QRfdV0vN6uH8HBUv51mSFJOfcUYblZEDCHUcJHVM0ycHY7Ila14QY0RomnBsPOHiTBazeH_8jOHk:1ljQtq:aW7ookJ5gx2vBr6xlGsS8XFJ7jAIfowvvmfazqalnow", "expire_date": "2021-06-02T18:26:30.867Z"}}, {"model": "sessions.session", "pk": "cnxyj0wfui8n246nqfjcy67lv1elceg3", "fields": {"session_data": "e30:1ljn74:YmBC0tLpWyqrkCvYHiHJvBHYT7HC4khBrVjFqc5lPH8", "expire_date": "2021-06-03T18:09:38.015Z"}}, {"model": "sessions.session", "pk": "om8au0cqa84qdztlyt0fy8pps0fpm43e", "fields": {"session_data": ".eJxVjEEOwiAQAP_C2RBooSwevfsGslsWqRpISnsy_l1JetDrzGReIuC-5bA3XsMSxVmM4vTLCOcHly7iHcutyrmWbV1I9kQetslrjfy8HO3fIGPLfas9GJgRBiLlNCdAp9WUolE2ooKkHYzW4EhAk_Xes2VFA5MbvrUB8f4AzuA3UA:1ljOQ8:lqh69C6h3vhXSrda3TIkqBR5L4FihLyJaYwLoVijkQE", "expire_date": "2021-06-02T15:47:40.408Z"}}, {"model": "sessions.session", "pk": "oriom0zcmtv7nzwccll79c9a7txx1k2i", "fields": {"session_data": ".eJxVjDsOwjAQBe_iGlks_sRLSc8ZrP1BAiiR4qRC3B1FSgHtm5n3dpXWpa9rs7kO6s6uc4ffjUmeNm5AHzTeJy_TuMwD-03xO23-Oqm9Lrv7d9BT67eaFYDFKCKVzKCZ4pFvHAwD5ihSGLArcApaMCpKAksFQhLF3KXsPl8Fezfq:1ljPlO:JHB-0STPcN6kj6HqKdoYRqkXpv23K7K5a6gu3Zv0rkM", "expire_date": "2021-06-02T17:13:42.723Z"}}, {"model": "sessions.session", "pk": "q3xre1puj0f3ciz939ftkferdnfayjki", "fields": {"session_data": ".eJxVjEEOwiAQRe_C2hAolAGX7nsGMsxQWzWQlHZlvLtt0oVu_3vvv0XEbZ3i1vISZxZX4cXld0tIz1wOwA8s9yqplnWZkzwUedImh8r5dTvdv4MJ27TXhnNSKugx-NQzkOtGhRoQtIHeG40WNCsmIiBvXQjWdV3qRwMOd12Jzxfb6Td5:1ljRpU:PGP_jTpHrXDDtXUPrT4m3-tI6CLN-LxjEDysdMdeDgs", "expire_date": "2021-06-02T19:26:04.529Z"}}, {"model": "sessions.session", "pk": "ttrhop1hwau1y98tzkxzbtchsrln88yo", "fields": {"session_data": ".eJxVjEEOwiAQRe_C2hAonaG4dO8ZmikzSNVAUtqV8e7apAvd_vfef6mRtjWPW5NlnFmdlVWn322i-JCyA75TuVUda1mXedK7og_a9LWyPC-H-3eQqeVvjUYQuIckHWCyECw440mAuwHRsgs2BJfQRJgiSGTyIXgWMj0O4rx6fwDGKDdf:1ljPBG:WnLYCEy_oSF56dha_nb0S2HcL8i1UjXEsQ8nyoehpU8", "expire_date": "2021-06-02T16:36:22.501Z"}}, {"model": "sessions.session", "pk": "ufw0opy2ncu4jtxbz3hmk59fazeoau6x", "fields": {"session_data": ".eJxVjEEOwiAQAP_C2RBggRaP3vsGssAiVQNJaU_GvxuSHvQ6M5k383jsxR-dNr8mdmUS2OUXBoxPqsOkB9Z747HVfVsDHwk_bedLS_S6ne3foGAv4ys0RmmtAaEkzBMmlZGEldoIa6bZRFIQMqHJMqNKAUzQNjiHAoGcYJ8v5uA3tg:1ljnRj:LeVXVm74L4tyfTjr39iutv8NrGy_opYg_9gUxy0AlLY", "expire_date": "2021-06-03T18:30:59.541Z"}}, {"model": "sessions.session", "pk": "v3q004qon5jogb4e1j7no49v4j4fyszd", "fields": {"session_data": ".eJxVjEEOwiAQRe_C2hAIMDIu3XsGMsAgVQNJaVeNd9cmXej2v_f-JgKtSw3r4DlMWVyEtuL0O0ZKT247yQ9q9y5Tb8s8Rbkr8qBD3nrm1_Vw_w4qjfqtgYgcpEhcIihnPUAGAjJOYcrWGmAf2VmDVpP2mRF1wjNjhKIcFfH-ABz9OHU:1ljn7I:jjO3qspqSP2ZoCo14NZGMhtVfsp3h_8P-5pX2pYHpjI", "expire_date": "2021-06-03T18:09:52.662Z"}}]